---------------------------------------------------------
--------------             DDL             --------------
---------------------------------------------------------

-- Create database if it does not exist
IF NOT EXISTS (SELECT name FROM sys.databases WHERE name = N'ShelfMarket_Dev')
BEGIN
    CREATE DATABASE [ShelfMarket_Dev];
END
GO

-- Use the database
USE [ShelfMarket_Dev];
GO

-- Create table if it does not exist
IF NOT EXISTS (SELECT * FROM INFORMATION_SCHEMA.TABLES WHERE TABLE_NAME = N'SHELFTYPE')
BEGIN
    CREATE TABLE dbo.SHELFTYPE (
        Id UNIQUEIDENTIFIER NOT NULL PRIMARY KEY DEFAULT NEWID(),
        Name NVARCHAR(255) NOT NULL UNIQUE,
        Description NVARCHAR(200) NULL
    );
END
GO

-- Create SHELF table if it does not exist
IF NOT EXISTS (SELECT * FROM INFORMATION_SCHEMA.TABLES WHERE TABLE_NAME = N'SHELF')
BEGIN
    CREATE TABLE dbo.SHELF (
        Id UNIQUEIDENTIFIER NOT NULL PRIMARY KEY DEFAULT NEWID(),
        Number INT NOT NULL,
        ShelfTypeId UNIQUEIDENTIFIER NOT NULL,
        LocationX INT NOT NULL,
        LocationY INT NOT NULL,
        OrientalHorizontal BIT NOT NULL,
        CONSTRAINT FK_SHELF_SHELFTTYPE FOREIGN KEY (ShelfTypeId)
            REFERENCES dbo.SHELFTYPE(Id),
            UNIQUE (LocationX, LocationY)
    );
END
GO

-- Create table if it does not exist
IF NOT EXISTS (SELECT * FROM INFORMATION_SCHEMA.TABLES WHERE TABLE_NAME = N'SHELFRENTCONTRACT' AND TABLE_SCHEMA = N'dbo')
BEGIN
    CREATE TABLE dbo.SHELFRENTCONTRACT (
        Id UNIQUEIDENTIFIER NOT NULL PRIMARY KEY DEFAULT NEWID(),
        ShelfTenantId UNIQUEIDENTIFIER NOT NULL,
        ContractNumber INT NOT NULL UNIQUE,
        StartDate DATE NOT NULL,
        EndDate DATE NOT NULL,
        Cancelled DATE NULL
    );
END
GO

-- Create table if it does not exist
IF NOT EXISTS (SELECT * FROM INFORMATION_SCHEMA.TABLES WHERE TABLE_NAME = N'SHELFRENTCONTRACTLINE' AND TABLE_SCHEMA = N'dbo')
BEGIN
    CREATE TABLE dbo.SHELFRENTCONTRACTLINE (
        Id UNIQUEIDENTIFIER NOT NULL PRIMARY KEY DEFAULT NEWID(),
        ShelfRentContractId UNIQUEIDENTIFIER NOT NULL,
        LineNumber INT NOT NULL,
        Description NVARCHAR(255) NOT NULL,
        Amount DECIMAL(18, 2) NOT NULL,
        CONSTRAINT UQ_ShelfRentContract_LineNumber UNIQUE (ShelfRentContractId, LineNumber),
        CONSTRAINT FK_ShelfRentContract FOREIGN KEY (ShelfRentContractId) REFERENCES dbo.SHELFRENTCONTRACT(Id)
    );
END
GO

-- Create table if it does not exist
IF NOT EXISTS (SELECT * FROM INFORMATION_SCHEMA.TABLES WHERE TABLE_NAME = N'SHELFTENANT' AND TABLE_SCHEMA = N'dbo')
BEGIN
    CREATE TABLE dbo.SHELFTENANT (
        Id UNIQUEIDENTIFIER NOT NULL PRIMARY KEY,
        FirstName NVARCHAR(255) NOT NULL,
        LastName NVARCHAR(255) NOT NULL,
        Address NVARCHAR(255) NULL,
        PostalCode NVARCHAR(20) NULL,
        City NVARCHAR(100) NULL,
        Email NVARCHAR(255) NULL,
        Phone NVARCHAR(50) NULL,
        CONSTRAINT UQ_SHELF_TENANT_EMAIL UNIQUE (Email)
    );
END
GO

---------------------------------------------------------
--------------             DML             --------------
---------------------------------------------------------

-- Insert Shelf Type
DELETE FROM dbo.SHELFTYPE WHERE Id = 'BCC9F172-052F-466D-B63C-E9901A6FEE7D';
INSERT INTO dbo.SHELFTYPE (Id, Name, Description) VALUES (CAST('BCC9F172-052F-466D-B63C-E9901A6FEE7D' AS UNIQUEIDENTIFIER), N'6 hylder', N'Standard reol');
DELETE FROM dbo.SHELFTYPE WHERE Id = '4AEBD9CF-9CD7-4F6E-BB38-C79BF279334B';
INSERT INTO dbo.SHELFTYPE (Id, Name, Description) VALUES (CAST('4AEBD9CF-9CD7-4F6E-BB38-C79BF279334B' AS UNIQUEIDENTIFIER), N'3 hylder og en stang', N'Egnet til tøj');

-- Insert Shelf
-- Generated by
-- PRINT '-- Data dump for dbo.SHELF';
-- PRINT 'SET XACT_ABORT ON; BEGIN TRAN;';
-- SELECT 'INSERT INTO dbo.SHELF (Id, Number, ShelfTypeId, LocationX, LocationY, OrientalHorizontal) VALUES (' +
--        'CAST(''' + CONVERT(varchar(36), Id) + ''' AS UNIQUEIDENTIFIER), ' +
--        CAST([Number] AS varchar(12)) + ', ' +
--        'CAST(''' + CONVERT(varchar(36), ShelfTypeId) + ''' AS UNIQUEIDENTIFIER), ' +
--        CAST(LocationX AS varchar(12)) + ', ' +
--        CAST(LocationY AS varchar(12)) + '), ' +
--        CAST(OrientalHorizontal AS varchar(12)) + ');'
-- FROM dbo.SHELF
-- ORDER BY [Number];
-- PRINT 'COMMIT;';
INSERT INTO dbo.SHELF (Id, Number, ShelfTypeId, LocationX, LocationY, OrientalHorizontal) VALUES (CAST('6CE82B56-DD88-49D8-9366-EFA7722A0460' AS UNIQUEIDENTIFIER), 1, CAST('BCC9F172-052F-466D-B63C-E9901A6FEE7D' AS UNIQUEIDENTIFIER), 0, 0, 0);
INSERT INTO dbo.SHELF (Id, Number, ShelfTypeId, LocationX, LocationY, OrientalHorizontal) VALUES (CAST('724A9777-A145-421F-B279-F35D33A9DDAA' AS UNIQUEIDENTIFIER), 2, CAST('BCC9F172-052F-466D-B63C-E9901A6FEE7D' AS UNIQUEIDENTIFIER), 0, 2, 0);
INSERT INTO dbo.SHELF (Id, Number, ShelfTypeId, LocationX, LocationY, OrientalHorizontal) VALUES (CAST('8A7747B4-563A-45A3-B96E-37EF87CA34F5' AS UNIQUEIDENTIFIER), 3, CAST('BCC9F172-052F-466D-B63C-E9901A6FEE7D' AS UNIQUEIDENTIFIER), 0, 4, 0);
INSERT INTO dbo.SHELF (Id, Number, ShelfTypeId, LocationX, LocationY, OrientalHorizontal) VALUES (CAST('E93C3677-40BD-4871-A0D1-669798D53B73' AS UNIQUEIDENTIFIER), 4, CAST('BCC9F172-052F-466D-B63C-E9901A6FEE7D' AS UNIQUEIDENTIFIER), 0, 6, 0);
INSERT INTO dbo.SHELF (Id, Number, ShelfTypeId, LocationX, LocationY, OrientalHorizontal) VALUES (CAST('1A30A17F-50BF-45C4-8E8B-7030DFCB4919' AS UNIQUEIDENTIFIER), 5, CAST('4AEBD9CF-9CD7-4F6E-BB38-C79BF279334B' AS UNIQUEIDENTIFIER), 0, 8, 0);
INSERT INTO dbo.SHELF (Id, Number, ShelfTypeId, LocationX, LocationY, OrientalHorizontal) VALUES (CAST('4820FA79-9C7A-4859-89CF-88B818FF7F1F' AS UNIQUEIDENTIFIER), 6, CAST('BCC9F172-052F-466D-B63C-E9901A6FEE7D' AS UNIQUEIDENTIFIER), 0, 10, 0);
INSERT INTO dbo.SHELF (Id, Number, ShelfTypeId, LocationX, LocationY, OrientalHorizontal) VALUES (CAST('21B26B87-BD6D-4B82-B2BE-D14DA913D8DD' AS UNIQUEIDENTIFIER), 7, CAST('BCC9F172-052F-466D-B63C-E9901A6FEE7D' AS UNIQUEIDENTIFIER), 0, 12, 0);
INSERT INTO dbo.SHELF (Id, Number, ShelfTypeId, LocationX, LocationY, OrientalHorizontal) VALUES (CAST('0CC975C2-B583-4911-828B-5E4104F0E1D4' AS UNIQUEIDENTIFIER), 8, CAST('BCC9F172-052F-466D-B63C-E9901A6FEE7D' AS UNIQUEIDENTIFIER), 0, 14, 0);
INSERT INTO dbo.SHELF (Id, Number, ShelfTypeId, LocationX, LocationY, OrientalHorizontal) VALUES (CAST('BC030769-1B59-4966-BBE8-3A60E8EF1A36' AS UNIQUEIDENTIFIER), 9, CAST('4AEBD9CF-9CD7-4F6E-BB38-C79BF279334B' AS UNIQUEIDENTIFIER), 0, 16, 0);
INSERT INTO dbo.SHELF (Id, Number, ShelfTypeId, LocationX, LocationY, OrientalHorizontal) VALUES (CAST('BA7C4A0E-D80D-4CF4-B4E1-F6D05E8DEEBC' AS UNIQUEIDENTIFIER), 10, CAST('BCC9F172-052F-466D-B63C-E9901A6FEE7D' AS UNIQUEIDENTIFIER), 0, 18, 0);
INSERT INTO dbo.SHELF (Id, Number, ShelfTypeId, LocationX, LocationY, OrientalHorizontal) VALUES (CAST('7E3AEA6D-5859-44F1-AF4F-4E9805C178AA' AS UNIQUEIDENTIFIER), 11, CAST('BCC9F172-052F-466D-B63C-E9901A6FEE7D' AS UNIQUEIDENTIFIER), 0, 20, 0);
INSERT INTO dbo.SHELF (Id, Number, ShelfTypeId, LocationX, LocationY, OrientalHorizontal) VALUES (CAST('BFB4C96D-26CF-4348-A4D5-F8B98063239F' AS UNIQUEIDENTIFIER), 12, CAST('BCC9F172-052F-466D-B63C-E9901A6FEE7D' AS UNIQUEIDENTIFIER), 0, 22, 0);
INSERT INTO dbo.SHELF (Id, Number, ShelfTypeId, LocationX, LocationY, OrientalHorizontal) VALUES (CAST('78339537-0FFE-46BD-B608-221D4E609BC7' AS UNIQUEIDENTIFIER), 13, CAST('BCC9F172-052F-466D-B63C-E9901A6FEE7D' AS UNIQUEIDENTIFIER), 0, 24, 0);

INSERT INTO dbo.SHELF (Id, Number, ShelfTypeId, LocationX, LocationY, OrientalHorizontal) VALUES (CAST('95DB7108-B1A2-4330-A78F-AAC5B16E6FAA' AS UNIQUEIDENTIFIER), 14, CAST('4AEBD9CF-9CD7-4F6E-BB38-C79BF279334B' AS UNIQUEIDENTIFIER), 1, 26, 1);
INSERT INTO dbo.SHELF (Id, Number, ShelfTypeId, LocationX, LocationY, OrientalHorizontal) VALUES (CAST('E2F6994C-D218-459B-ADA3-1006CD343429' AS UNIQUEIDENTIFIER), 15, CAST('BCC9F172-052F-466D-B63C-E9901A6FEE7D' AS UNIQUEIDENTIFIER), 3, 26, 1);
INSERT INTO dbo.SHELF (Id, Number, ShelfTypeId, LocationX, LocationY, OrientalHorizontal) VALUES (CAST('F7005AE6-5FA2-40DE-A3DB-ABC8C5F4BDBD' AS UNIQUEIDENTIFIER), 16, CAST('4AEBD9CF-9CD7-4F6E-BB38-C79BF279334B' AS UNIQUEIDENTIFIER), 5, 26, 1);
INSERT INTO dbo.SHELF (Id, Number, ShelfTypeId, LocationX, LocationY, OrientalHorizontal) VALUES (CAST('45A0D5BC-4B02-412D-A80A-A4B3A2F15703' AS UNIQUEIDENTIFIER), 17, CAST('4AEBD9CF-9CD7-4F6E-BB38-C79BF279334B' AS UNIQUEIDENTIFIER), 7, 26, 1);
INSERT INTO dbo.SHELF (Id, Number, ShelfTypeId, LocationX, LocationY, OrientalHorizontal) VALUES (CAST('71BB86EE-6B17-4DE5-9192-D2E7C9B2B56F' AS UNIQUEIDENTIFIER), 18, CAST('BCC9F172-052F-466D-B63C-E9901A6FEE7D' AS UNIQUEIDENTIFIER), 8, 26, 1);

INSERT INTO dbo.SHELF (Id, Number, ShelfTypeId, LocationX, LocationY, OrientalHorizontal) VALUES (CAST('26806C27-597C-47B0-B423-3DFAF4441E18' AS UNIQUEIDENTIFIER), 19, CAST('4AEBD9CF-9CD7-4F6E-BB38-C79BF279334B' AS UNIQUEIDENTIFIER), 3, 23, 1);
INSERT INTO dbo.SHELF (Id, Number, ShelfTypeId, LocationX, LocationY, OrientalHorizontal) VALUES (CAST('8E69ABB0-0702-4C5B-9BCB-3F2F95D4E00D' AS UNIQUEIDENTIFIER), 20, CAST('BCC9F172-052F-466D-B63C-E9901A6FEE7D' AS UNIQUEIDENTIFIER), 5, 23, 1);
INSERT INTO dbo.SHELF (Id, Number, ShelfTypeId, LocationX, LocationY, OrientalHorizontal) VALUES (CAST('0F8FCEF8-10A8-4987-99AE-A459605F00AA' AS UNIQUEIDENTIFIER), 21, CAST('BCC9F172-052F-466D-B63C-E9901A6FEE7D' AS UNIQUEIDENTIFIER), 7, 23, 1);

INSERT INTO dbo.SHELF (Id, Number, ShelfTypeId, LocationX, LocationY, OrientalHorizontal) VALUES (CAST('1A9BBFE1-B3B5-4A7F-81DE-F1B719D53AC2' AS UNIQUEIDENTIFIER), 22, CAST('BCC9F172-052F-466D-B63C-E9901A6FEE7D' AS UNIQUEIDENTIFIER), 3, 22, 1);
INSERT INTO dbo.SHELF (Id, Number, ShelfTypeId, LocationX, LocationY, OrientalHorizontal) VALUES (CAST('FB4A75DB-E13A-4AF7-AC3D-AA3B946D65D7' AS UNIQUEIDENTIFIER), 23, CAST('4AEBD9CF-9CD7-4F6E-BB38-C79BF279334B' AS UNIQUEIDENTIFIER), 5, 22, 1);
INSERT INTO dbo.SHELF (Id, Number, ShelfTypeId, LocationX, LocationY, OrientalHorizontal) VALUES (CAST('F8CB794E-C1FF-46CE-8724-ACB193CE6FAB' AS UNIQUEIDENTIFIER), 24, CAST('BCC9F172-052F-466D-B63C-E9901A6FEE7D' AS UNIQUEIDENTIFIER), 7, 22, 1);

INSERT INTO dbo.SHELF (Id, Number, ShelfTypeId, LocationX, LocationY, OrientalHorizontal) VALUES (CAST('60A383A5-B25F-4102-9D75-E06D5E315D57' AS UNIQUEIDENTIFIER), 25, CAST('BCC9F172-052F-466D-B63C-E9901A6FEE7D' AS UNIQUEIDENTIFIER), 2, 19, 1);
INSERT INTO dbo.SHELF (Id, Number, ShelfTypeId, LocationX, LocationY, OrientalHorizontal) VALUES (CAST('8AFA8B4F-E9F4-4C32-9F2E-701B018B7C12' AS UNIQUEIDENTIFIER), 26, CAST('BCC9F172-052F-466D-B63C-E9901A6FEE7D' AS UNIQUEIDENTIFIER), 4, 19, 1);
INSERT INTO dbo.SHELF (Id, Number, ShelfTypeId, LocationX, LocationY, OrientalHorizontal) VALUES (CAST('58672AE3-2E30-488D-91EB-9FCA37D8BFAC' AS UNIQUEIDENTIFIER), 27, CAST('BCC9F172-052F-466D-B63C-E9901A6FEE7D' AS UNIQUEIDENTIFIER), 6, 19, 1);
INSERT INTO dbo.SHELF (Id, Number, ShelfTypeId, LocationX, LocationY, OrientalHorizontal) VALUES (CAST('ED2667F9-D966-4A0E-8969-A6FB710E9842' AS UNIQUEIDENTIFIER), 28, CAST('4AEBD9CF-9CD7-4F6E-BB38-C79BF279334B' AS UNIQUEIDENTIFIER), 8, 19, 1);
INSERT INTO dbo.SHELF (Id, Number, ShelfTypeId, LocationX, LocationY, OrientalHorizontal) VALUES (CAST('63038CCD-6112-4EFF-9D68-DFE143A65E3A' AS UNIQUEIDENTIFIER), 29, CAST('4AEBD9CF-9CD7-4F6E-BB38-C79BF279334B' AS UNIQUEIDENTIFIER), 10, 19, 1);
INSERT INTO dbo.SHELF (Id, Number, ShelfTypeId, LocationX, LocationY, OrientalHorizontal) VALUES (CAST('0BB5433C-11A0-480C-AF64-F98898CDD070' AS UNIQUEIDENTIFIER), 30, CAST('BCC9F172-052F-466D-B63C-E9901A6FEE7D' AS UNIQUEIDENTIFIER), 12, 19,1);
INSERT INTO dbo.SHELF (Id, Number, ShelfTypeId, LocationX, LocationY, OrientalHorizontal) VALUES (CAST('E2AD11EA-69AC-420E-8681-9B869E553D32' AS UNIQUEIDENTIFIER), 31, CAST('4AEBD9CF-9CD7-4F6E-BB38-C79BF279334B' AS UNIQUEIDENTIFIER), 14, 19, 1);

INSERT INTO dbo.SHELF (Id, Number, ShelfTypeId, LocationX, LocationY, OrientalHorizontal) VALUES (CAST('39FA1466-A7EC-4C89-9622-7E35982E9879' AS UNIQUEIDENTIFIER), 32, CAST('BCC9F172-052F-466D-B63C-E9901A6FEE7D' AS UNIQUEIDENTIFIER), 2, 18, 1);
INSERT INTO dbo.SHELF (Id, Number, ShelfTypeId, LocationX, LocationY, OrientalHorizontal) VALUES (CAST('F4F2BF24-3F94-4993-B3F0-BAA633907BDD' AS UNIQUEIDENTIFIER), 33, CAST('BCC9F172-052F-466D-B63C-E9901A6FEE7D' AS UNIQUEIDENTIFIER), 4, 18, 1);
INSERT INTO dbo.SHELF (Id, Number, ShelfTypeId, LocationX, LocationY, OrientalHorizontal) VALUES (CAST('C6D3AB2D-F611-4FEA-B4C2-BE345AD19996' AS UNIQUEIDENTIFIER), 34, CAST('4AEBD9CF-9CD7-4F6E-BB38-C79BF279334B' AS UNIQUEIDENTIFIER), 6, 18, 1);
INSERT INTO dbo.SHELF (Id, Number, ShelfTypeId, LocationX, LocationY, OrientalHorizontal) VALUES (CAST('03FEC3BC-06B2-428C-9246-20A44B754C9D' AS UNIQUEIDENTIFIER), 35, CAST('BCC9F172-052F-466D-B63C-E9901A6FEE7D' AS UNIQUEIDENTIFIER), 8, 18, 1);
INSERT INTO dbo.SHELF (Id, Number, ShelfTypeId, LocationX, LocationY, OrientalHorizontal) VALUES (CAST('26188FA4-99F0-439A-AF3E-22B0EA57CBB5' AS UNIQUEIDENTIFIER), 36, CAST('BCC9F172-052F-466D-B63C-E9901A6FEE7D' AS UNIQUEIDENTIFIER), 10, 18, 1);
INSERT INTO dbo.SHELF (Id, Number, ShelfTypeId, LocationX, LocationY, OrientalHorizontal) VALUES (CAST('44100BFD-1BB9-4703-BF46-512BAA1FC9A4' AS UNIQUEIDENTIFIER), 37, CAST('4AEBD9CF-9CD7-4F6E-BB38-C79BF279334B' AS UNIQUEIDENTIFIER), 12, 18, 1);
INSERT INTO dbo.SHELF (Id, Number, ShelfTypeId, LocationX, LocationY, OrientalHorizontal) VALUES (CAST('BCFEA791-342A-499D-B464-BA136B6AF1D7' AS UNIQUEIDENTIFIER), 38, CAST('BCC9F172-052F-466D-B63C-E9901A6FEE7D' AS UNIQUEIDENTIFIER), 14, 18, 1);

INSERT INTO dbo.SHELF (Id, Number, ShelfTypeId, LocationX, LocationY, OrientalHorizontal) VALUES (CAST('8FC52704-EADA-4FA6-A29D-7DC048409078' AS UNIQUEIDENTIFIER), 39, CAST('4AEBD9CF-9CD7-4F6E-BB38-C79BF279334B' AS UNIQUEIDENTIFIER), 2, 16, 1);
INSERT INTO dbo.SHELF (Id, Number, ShelfTypeId, LocationX, LocationY, OrientalHorizontal) VALUES (CAST('8CACB038-A249-4C3C-8AA3-EA6BAB9990F5' AS UNIQUEIDENTIFIER), 40, CAST('BCC9F172-052F-466D-B63C-E9901A6FEE7D' AS UNIQUEIDENTIFIER), 4, 16,1);
INSERT INTO dbo.SHELF (Id, Number, ShelfTypeId, LocationX, LocationY, OrientalHorizontal) VALUES (CAST('C0C8C483-6CD9-45DB-9E74-0625FED3CD26' AS UNIQUEIDENTIFIER), 41, CAST('BCC9F172-052F-466D-B63C-E9901A6FEE7D' AS UNIQUEIDENTIFIER), 6, 16, 1);
INSERT INTO dbo.SHELF (Id, Number, ShelfTypeId, LocationX, LocationY, OrientalHorizontal) VALUES (CAST('773D9C52-240D-4AFE-8413-1B6379C7CFB7' AS UNIQUEIDENTIFIER), 42, CAST('BCC9F172-052F-466D-B63C-E9901A6FEE7D' AS UNIQUEIDENTIFIER), 8, 16, 1);
INSERT INTO dbo.SHELF (Id, Number, ShelfTypeId, LocationX, LocationY, OrientalHorizontal) VALUES (CAST('EEBFA5D4-8330-407F-A777-21E6E69177F5' AS UNIQUEIDENTIFIER), 43, CAST('BCC9F172-052F-466D-B63C-E9901A6FEE7D' AS UNIQUEIDENTIFIER), 10, 16, 1);
INSERT INTO dbo.SHELF (Id, Number, ShelfTypeId, LocationX, LocationY, OrientalHorizontal) VALUES (CAST('A7D43CB1-D3FC-4951-A141-ADF83645DA8A' AS UNIQUEIDENTIFIER), 44, CAST('BCC9F172-052F-466D-B63C-E9901A6FEE7D' AS UNIQUEIDENTIFIER), 12, 16, 1);
INSERT INTO dbo.SHELF (Id, Number, ShelfTypeId, LocationX, LocationY, OrientalHorizontal) VALUES (CAST('A49EC3F6-440D-4B52-9B66-B91BE3FDF625' AS UNIQUEIDENTIFIER), 45, CAST('BCC9F172-052F-466D-B63C-E9901A6FEE7D' AS UNIQUEIDENTIFIER), 14, 16, 1);

INSERT INTO dbo.SHELF (Id, Number, ShelfTypeId, LocationX, LocationY, OrientalHorizontal) VALUES (CAST('1119E9F4-BE6A-4CA8-BB18-15356C6ACF05' AS UNIQUEIDENTIFIER), 46, CAST('BCC9F172-052F-466D-B63C-E9901A6FEE7D' AS UNIQUEIDENTIFIER), 2, 15, 1);
INSERT INTO dbo.SHELF (Id, Number, ShelfTypeId, LocationX, LocationY, OrientalHorizontal) VALUES (CAST('A48CE1E6-BC70-41B8-9691-076BFD1D9699' AS UNIQUEIDENTIFIER), 47, CAST('BCC9F172-052F-466D-B63C-E9901A6FEE7D' AS UNIQUEIDENTIFIER), 4, 15, 1);
INSERT INTO dbo.SHELF (Id, Number, ShelfTypeId, LocationX, LocationY, OrientalHorizontal) VALUES (CAST('F355E9FE-7E69-495C-9413-EFC81C1EF120' AS UNIQUEIDENTIFIER), 48, CAST('4AEBD9CF-9CD7-4F6E-BB38-C79BF279334B' AS UNIQUEIDENTIFIER), 6, 15, 1);
INSERT INTO dbo.SHELF (Id, Number, ShelfTypeId, LocationX, LocationY, OrientalHorizontal) VALUES (CAST('73EED88A-A47C-4A58-AC36-CDCF2B278774' AS UNIQUEIDENTIFIER), 49, CAST('BCC9F172-052F-466D-B63C-E9901A6FEE7D' AS UNIQUEIDENTIFIER), 8, 15, 1);
INSERT INTO dbo.SHELF (Id, Number, ShelfTypeId, LocationX, LocationY, OrientalHorizontal) VALUES (CAST('B7C8C5B1-DD52-4831-9893-93B27D019FE5' AS UNIQUEIDENTIFIER), 50, CAST('BCC9F172-052F-466D-B63C-E9901A6FEE7D' AS UNIQUEIDENTIFIER), 10, 15, 1);
INSERT INTO dbo.SHELF (Id, Number, ShelfTypeId, LocationX, LocationY, OrientalHorizontal) VALUES (CAST('2ED4175A-FDB1-4308-8718-46E6FE748B3C' AS UNIQUEIDENTIFIER), 51, CAST('BCC9F172-052F-466D-B63C-E9901A6FEE7D' AS UNIQUEIDENTIFIER), 12, 15, 1);
INSERT INTO dbo.SHELF (Id, Number, ShelfTypeId, LocationX, LocationY, OrientalHorizontal) VALUES (CAST('CDDC024A-BFE2-4D71-84C1-80474F1E3DB2' AS UNIQUEIDENTIFIER), 52, CAST('BCC9F172-052F-466D-B63C-E9901A6FEE7D' AS UNIQUEIDENTIFIER), 14, 15, 1);

INSERT INTO dbo.SHELF (Id, Number, ShelfTypeId, LocationX, LocationY, OrientalHorizontal) VALUES (CAST('26CA65B5-BBA5-4443-81A3-DC6944BDFA72' AS UNIQUEIDENTIFIER), 53, CAST('4AEBD9CF-9CD7-4F6E-BB38-C79BF279334B' AS UNIQUEIDENTIFIER), 2, 11, 1);
INSERT INTO dbo.SHELF (Id, Number, ShelfTypeId, LocationX, LocationY, OrientalHorizontal) VALUES (CAST('FEB786B3-5874-4210-8F04-E46B8990CC43' AS UNIQUEIDENTIFIER), 54, CAST('BCC9F172-052F-466D-B63C-E9901A6FEE7D' AS UNIQUEIDENTIFIER), 4, 11, 1);
INSERT INTO dbo.SHELF (Id, Number, ShelfTypeId, LocationX, LocationY, OrientalHorizontal) VALUES (CAST('E2A487BD-7FF5-4835-BBA4-3C9D6EC79A5F' AS UNIQUEIDENTIFIER), 55, CAST('BCC9F172-052F-466D-B63C-E9901A6FEE7D' AS UNIQUEIDENTIFIER), 6, 11, 1);
INSERT INTO dbo.SHELF (Id, Number, ShelfTypeId, LocationX, LocationY, OrientalHorizontal) VALUES (CAST('337ED60F-574F-4BB3-9FDE-B8AF6051DEAD' AS UNIQUEIDENTIFIER), 56, CAST('4AEBD9CF-9CD7-4F6E-BB38-C79BF279334B' AS UNIQUEIDENTIFIER), 8, 11, 1);
INSERT INTO dbo.SHELF (Id, Number, ShelfTypeId, LocationX, LocationY, OrientalHorizontal) VALUES (CAST('178F6622-384A-4BC2-83A1-8D116CC6A284' AS UNIQUEIDENTIFIER), 57, CAST('BCC9F172-052F-466D-B63C-E9901A6FEE7D' AS UNIQUEIDENTIFIER), 10, 11, 1);
INSERT INTO dbo.SHELF (Id, Number, ShelfTypeId, LocationX, LocationY, OrientalHorizontal) VALUES (CAST('2706514B-9C92-4A34-AF5F-9E10611F2496' AS UNIQUEIDENTIFIER), 58, CAST('BCC9F172-052F-466D-B63C-E9901A6FEE7D' AS UNIQUEIDENTIFIER), 12, 11, 1);
INSERT INTO dbo.SHELF (Id, Number, ShelfTypeId, LocationX, LocationY, OrientalHorizontal) VALUES (CAST('BEF1175E-93BC-498D-9A91-D784E9D0FF56' AS UNIQUEIDENTIFIER), 59, CAST('BCC9F172-052F-466D-B63C-E9901A6FEE7D' AS UNIQUEIDENTIFIER), 14, 11, 1);

INSERT INTO dbo.SHELF (Id, Number, ShelfTypeId, LocationX, LocationY, OrientalHorizontal) VALUES (CAST('0859434C-DFF5-4947-9084-029BC1956543' AS UNIQUEIDENTIFIER), 60, CAST('4AEBD9CF-9CD7-4F6E-BB38-C79BF279334B' AS UNIQUEIDENTIFIER), 2, 10, 1);
INSERT INTO dbo.SHELF (Id, Number, ShelfTypeId, LocationX, LocationY, OrientalHorizontal) VALUES (CAST('E3C7AF28-D962-4BE9-A66B-60F841514522' AS UNIQUEIDENTIFIER), 61, CAST('BCC9F172-052F-466D-B63C-E9901A6FEE7D' AS UNIQUEIDENTIFIER), 4, 10, 1);
INSERT INTO dbo.SHELF (Id, Number, ShelfTypeId, LocationX, LocationY, OrientalHorizontal) VALUES (CAST('38555F31-EE5C-4381-8697-6CD0C4504481' AS UNIQUEIDENTIFIER), 62, CAST('BCC9F172-052F-466D-B63C-E9901A6FEE7D' AS UNIQUEIDENTIFIER), 6, 10, 1);
INSERT INTO dbo.SHELF (Id, Number, ShelfTypeId, LocationX, LocationY, OrientalHorizontal) VALUES (CAST('86A37313-774A-4D8C-A41E-15B6AF806AE3' AS UNIQUEIDENTIFIER), 63, CAST('4AEBD9CF-9CD7-4F6E-BB38-C79BF279334B' AS UNIQUEIDENTIFIER), 8, 10, 1);
INSERT INTO dbo.SHELF (Id, Number, ShelfTypeId, LocationX, LocationY, OrientalHorizontal) VALUES (CAST('E38B5D62-AE1B-4E6D-BA7D-8725059D7538' AS UNIQUEIDENTIFIER), 64, CAST('4AEBD9CF-9CD7-4F6E-BB38-C79BF279334B' AS UNIQUEIDENTIFIER), 10, 10, 1);
INSERT INTO dbo.SHELF (Id, Number, ShelfTypeId, LocationX, LocationY, OrientalHorizontal) VALUES (CAST('AACAFACA-79E9-4B90-9D7F-09515C8FBEAB' AS UNIQUEIDENTIFIER), 65, CAST('BCC9F172-052F-466D-B63C-E9901A6FEE7D' AS UNIQUEIDENTIFIER), 12, 10, 1);
INSERT INTO dbo.SHELF (Id, Number, ShelfTypeId, LocationX, LocationY, OrientalHorizontal) VALUES (CAST('0E229310-AE22-4B8B-86EC-41BF1D181AA8' AS UNIQUEIDENTIFIER), 66, CAST('4AEBD9CF-9CD7-4F6E-BB38-C79BF279334B' AS UNIQUEIDENTIFIER), 14, 10, 1);

INSERT INTO dbo.SHELF (Id, Number, ShelfTypeId, LocationX, LocationY, OrientalHorizontal) VALUES (CAST('3B7A6DFD-BD95-4241-9A25-B7D54ED83B7D' AS UNIQUEIDENTIFIER), 67, CAST('BCC9F172-052F-466D-B63C-E9901A6FEE7D' AS UNIQUEIDENTIFIER), 2, 7, 1);
INSERT INTO dbo.SHELF (Id, Number, ShelfTypeId, LocationX, LocationY, OrientalHorizontal) VALUES (CAST('319DAF5E-A271-426D-8C0A-54F3E78C792A' AS UNIQUEIDENTIFIER), 68, CAST('BCC9F172-052F-466D-B63C-E9901A6FEE7D' AS UNIQUEIDENTIFIER), 4, 7, 1);
INSERT INTO dbo.SHELF (Id, Number, ShelfTypeId, LocationX, LocationY, OrientalHorizontal) VALUES (CAST('64F4D5D3-3B56-4666-BA9E-4F64CF7BE3FC' AS UNIQUEIDENTIFIER), 69, CAST('BCC9F172-052F-466D-B63C-E9901A6FEE7D' AS UNIQUEIDENTIFIER), 6, 7, 1);
INSERT INTO dbo.SHELF (Id, Number, ShelfTypeId, LocationX, LocationY, OrientalHorizontal) VALUES (CAST('BB521441-B716-4B92-871F-5A5045AA294D' AS UNIQUEIDENTIFIER), 70, CAST('BCC9F172-052F-466D-B63C-E9901A6FEE7D' AS UNIQUEIDENTIFIER), 8, 7, 1);
INSERT INTO dbo.SHELF (Id, Number, ShelfTypeId, LocationX, LocationY, OrientalHorizontal) VALUES (CAST('99F5291A-4149-4BAB-B78C-BBD7682300E4' AS UNIQUEIDENTIFIER), 71, CAST('BCC9F172-052F-466D-B63C-E9901A6FEE7D' AS UNIQUEIDENTIFIER), 10, 7, 1);

INSERT INTO dbo.SHELF (Id, Number, ShelfTypeId, LocationX, LocationY, OrientalHorizontal) VALUES (CAST('08854CA0-F5E5-4546-8227-3FBB14020FB1' AS UNIQUEIDENTIFIER), 72, CAST('4AEBD9CF-9CD7-4F6E-BB38-C79BF279334B' AS UNIQUEIDENTIFIER), 2, 6, 1);
INSERT INTO dbo.SHELF (Id, Number, ShelfTypeId, LocationX, LocationY, OrientalHorizontal) VALUES (CAST('B5E4DF40-39F8-457A-8EBD-6EAB9AB3D284' AS UNIQUEIDENTIFIER), 73, CAST('4AEBD9CF-9CD7-4F6E-BB38-C79BF279334B' AS UNIQUEIDENTIFIER), 4, 6, 1);
INSERT INTO dbo.SHELF (Id, Number, ShelfTypeId, LocationX, LocationY, OrientalHorizontal) VALUES (CAST('21DD4E79-D7A4-4F6D-B23B-848B87F31F0A' AS UNIQUEIDENTIFIER), 74, CAST('4AEBD9CF-9CD7-4F6E-BB38-C79BF279334B' AS UNIQUEIDENTIFIER), 6, 6, 1);
INSERT INTO dbo.SHELF (Id, Number, ShelfTypeId, LocationX, LocationY, OrientalHorizontal) VALUES (CAST('D40CD212-8AB6-4E82-9A83-9EE9541DA21D' AS UNIQUEIDENTIFIER), 75, CAST('4AEBD9CF-9CD7-4F6E-BB38-C79BF279334B' AS UNIQUEIDENTIFIER), 8, 6, 1);
INSERT INTO dbo.SHELF (Id, Number, ShelfTypeId, LocationX, LocationY, OrientalHorizontal) VALUES (CAST('974A4367-095F-408D-B65B-414028CD9169' AS UNIQUEIDENTIFIER), 76, CAST('4AEBD9CF-9CD7-4F6E-BB38-C79BF279334B' AS UNIQUEIDENTIFIER), 10, 6, 1);

INSERT INTO dbo.SHELF (Id, Number, ShelfTypeId, LocationX, LocationY, OrientalHorizontal) VALUES (CAST('8DB7FFB9-88A5-46B9-91F8-0E5FCF530C7A' AS UNIQUEIDENTIFIER), 77, CAST('BCC9F172-052F-466D-B63C-E9901A6FEE7D' AS UNIQUEIDENTIFIER), 2, 2, 0);
INSERT INTO dbo.SHELF (Id, Number, ShelfTypeId, LocationX, LocationY, OrientalHorizontal) VALUES (CAST('867AF828-011F-4FCD-88B9-FEA0D18F6B8E' AS UNIQUEIDENTIFIER), 78, CAST('BCC9F172-052F-466D-B63C-E9901A6FEE7D' AS UNIQUEIDENTIFIER), 3, 2, 0);

INSERT INTO dbo.SHELF (Id, Number, ShelfTypeId, LocationX, LocationY, OrientalHorizontal) VALUES (CAST('0F2C00E1-73D4-4F7D-AE42-244D58F366A9' AS UNIQUEIDENTIFIER), 79, CAST('4AEBD9CF-9CD7-4F6E-BB38-C79BF279334B' AS UNIQUEIDENTIFIER), 6, 2, 0);
INSERT INTO dbo.SHELF (Id, Number, ShelfTypeId, LocationX, LocationY, OrientalHorizontal) VALUES (CAST('C9BA656D-6F8C-43F3-BAF5-0FC0B70782D1' AS UNIQUEIDENTIFIER), 80, CAST('BCC9F172-052F-466D-B63C-E9901A6FEE7D' AS UNIQUEIDENTIFIER), 7, 2, 0);

-- insert some more --


--ShelfTenant
INSERT INTO dbo.SHELFTENANT (Id, FirstName, LastName, Address, PostalCode, City, Email, PhoneNumber) 
VALUES (CAST('D4A5E8F1-6C2B-4C3A-9F4E-1A2B3C4D5E6F' AS UNIQUEIDENTIFIER), 'Louise', 'Ebersbach', 'Some Street 1', '1234', 'Copenhagen', 'Louise@gmail.com', 10101010);

INSERT INTO dbo.SHELFTENANT (Id, FirstName, LastName, Address, PostalCode, City, Email, PhoneNumber)
VALUES (CAST('A1B2C3D4-E5F6-4A3B-9C8D-7E6F5A4B3C2D' AS UNIQUEIDENTIFIER), 'Peter', 'Holm', 'Another Street 2', '5678', 'Aarhus', 'Peter@gmail.com', 20202020);

INSERT INTO dbo.SHELFTENANT (Id, FirstName, LastName, Address, PostalCode, City, Email, PhoneNumber)
VALUES (CAST('F1E2D3C4-B5A6-4B7C-8D9E-0F1A2B3C4D5E' AS UNIQUEIDENTIFIER), 'Anton', 'Mikkelsen', 'Third Street 3', '9101', 'Odense', 'Anton@gmail.com', 30303030);
